,city,popu_string
0,Краснодар,899541.0
1,Екатеринбург,1468833.0
2,Новосибирск,1612833.0
3,Ростов-на-Дону,1130305.0
4,Нижний Новгород,1259013.0
5,Челябинск,1202371.0
6,Пермь,1051583.0
7,Казань,1243500.0
8,Самара,1163399.0
9,Омск,1172070.0
10,Уфа,1120547.0
11,Красноярск,1090811.0
12,Воронеж,1058547.0
13,Волгоград,1013533.0
14,Саратов,844858.0
15,Тюмень,768358.0
16,Калининград,475056.0
17,Барнаул,632372.0
18,Ярославль,608722.0
19,Иркутск,623869.0
20,Оренбург,564443.0
21,Сочи,424281.0
22,Ижевск,648213.0
23,Тольятти,707408.0
24,Кемерово,558973.0
25,Белгород,391554.0
26,Тула,482873.0
27,Ставрополь,433931.0
28,Набережные Челны,529797.0
29,Новокузнецк,552445.0
30,Владимир,357024.0
31,Сургут,360590.0
32,Магнитогорск,418241.0
33,Нижний Тагил,353950.0
34,Новороссийск,273278.0
35,Таганрог,250287.0
36,Стерлитамак,280233.0
37,Волжский,326055.0
38,Дзержинск,231797.0
39,Энгельс,
40,Бийск,201914.0
41,Ангарск,226374.0
42,Анапа,75865.0
43,Братск,231602.0
44,Нижневартовск,274575.0
45,Пятигорск,145885.0
46,Старый Оскол,223360.0
47,Нижнекамск,237250.0
48,Балаково,191260.0
49,Шахты,235492.0
50,Альметьевск,154262.0
51,Рыбинск,190429.0
52,Волгодонск,171471.0
53,Сызрань,173260.0
54,Новочеркасск,168766.0
55,Березники,145115.0
56,Миасс,151856.0
57,Каменск-Уральский,168997.0
58,Ачинск,105264.0
59,Армавир,190709.0
60,Нефтекамск,126805.0
61,Ковров,138552.0
62,Новомосковск,125647.0
63,Златоуст,167978.0
64,Геленджик,76830.0
65,Муром,109809.0
66,Норильск,178018.0
67,Арзамас,104547.0
68,Первоуральск,123655.0
69,Салават,153181.0
70,Невинномысск,117446.0
71,Ханты-Мансийск,
72,Рубцовск,144128.0
73,Бердск,103290.0
74,Батайск,124705.0
75,Ейск,83665.0
76,Соликамск,94628.0
77,Камышин,111775.0
78,Нефтеюганск,126157.0
79,Славянск-на-Кубани,66285.0
80,Прокопьевск,196406.0
81,Бузулук,86316.0
82,Октябрьский,113929.0
83,Кропоткин,
84,Канск,90231.0
85,Ессентуки,108679.0
86,Тобольск,98886.0
87,Сарапул,97910.0
88,Туапсе,62269.0
89,Каменск-Шахтинский,89657.0
90,Белореченск,52082.0
91,Минеральные Воды,74758.0
92,Копейск,147573.0
93,Чайковский,
94,Белово,72843.0
95,Зеленодольск,99235.0
96,Георгиевск,67714.0
97,Кисловодск,129593.0
98,Кунгур,66157.0
99,Ленинск-Кузнецкий,96921.0
100,Тихорецк,58352.0
101,Минусинск,68410.0
102,Азов,81335.0
103,Новокуйбышевск,102933.0
104,Туймазы,68410.0
105,Усолье-Сибирское,77989.0
106,Балашов,77391.0
107,Серов,97366.0
108,Глазов,93628.0
109,Воткинск,98063.0
110,Новоуральск,81202.0
111,Кстово,67723.0
112,Орск,234408.0
113,Губкин,
114,Россошь,62884.0
115,Бугульма,85476.0
116,Крымск,57229.0
117,Будённовск,62495.0
118,Выкса,53406.0
119,Александров,59328.0
120,Юрга,81733.0
121,Ишим,65259.0
122,Троицк,
123,Березовский,57892.0
124,Гусь-Хрустальный,55421.0
125,Новоалтайск,73439.0
126,Борисоглебск,62669.0
127,Михайловск,90698.0
128,Щекино,58088.0
129,Тимашевск,51925.0
130,Михайловка,58407.0
131,Лысьва,62592.0
132,Миллерово,35540.0
133,Лабинск,60164.0
134,Елабуга,73817.0
135,Павлово,58163.0
136,Верхняя Пышма,70160.0
137,Железногорск,100740.0
138,Нягань,57765.0
139,Темрюк,40755.0
140,Лиски,54184.0
141,Усть-Лабинск,
142,Усть-Илимск,82455.0
143,Искитим,57032.0
144,Краснокамск,53864.0
145,Лениногорск,48333.0
146,Кумертау,60807.0
147,Когалым,64704.0
148,Мелеуз,58536.0
149,Вольск,63947.0
150,Краснотурьинск,57008.0
151,Каневская,44386.0
152,Сальск,58179.0
153,Новошахтинск,108782.0
154,Алексин,58329.0
155,Асбест,
156,Белорецк,65801.0
157,Белебей,59123.0
158,Назарово,50397.0
159,Балахна,49364.0
160,Ишимбай,65422.0
161,Горячий Ключ,37475.0
162,Чистополь,60564.0
163,Курганинск,48689.0
164,Белая Калитва,40831.0
165,Чапаевск,72944.0
166,Абинск,38176.0
167,Кореновск,42019.0
168,Киселевск,90980.0
169,Южноуральск,37801.0
170,Переславль-Залесский,39105.0
171,Узловая,51922.0
172,Советск,40486.0
173,Междуреченск,97060.0
174,Гуково,66332.0
175,Аксай,34559.0
176,Ростов,31039.0
177,Анжеро-Судженск,71787.0
178,Урюпинск,38267.0
179,Чебаркуль,39914.0
180,Отрадный,47542.0
181,Шебекино,42465.0
182,Гусев,28257.0
183,Алексеевка,38447.0
184,Славгород,29916.0
185,Гулькевичи,34236.0
186,Бугуруслан,49585.0
187,Коркино,34967.0
188,Валуйки,34679.0
189,Шелехов,47608.0
190,Апшеронск,40016.0
191,Жигулевск,54343.0
192,Маркс,
193,Ревда,62687.0
194,Вязники,36635.0
195,Черняховск,36423.0
196,Сатка,42214.0
197,Можга,49617.0
198,Саянск,38897.0
199,Фролово,37377.0
200,Ленинградская,68045.0
201,Мегион,48283.0
202,Кольчугино,43543.0
203,Кущевская,28362.0
204,Лангепас,43534.0
205,Урай,40559.0
206,Заволжье,
207,Югорск,37150.0
208,Черемхово,51230.0
209,Бирск,46330.0
210,Чусовой,45291.0
211,Шарыпово,37169.0
212,Кинель,35321.0
213,Углич,32146.0
214,Городец,30493.0
215,Ефремов,35505.0
216,Киржач,27157.0
217,Динская,34848.0
218,Гурьевск,16311.0
219,Белокуриха,15179.0
220,Изобильный,38100.0
221,Богородск,34388.0
222,Усть-Кут,42272.0
223,Камень-на-Оби,40795.0
224,Лесной,49056.0
225,Сибай,61054.0
226,Донецк,922137.0
227,Лянтор,39841.0
228,Саров,95065.0
229,Ртищево,39390.0
230,Чернушка,33010.0
231,Строитель,
232,Ялуторовск,39837.0
233,Заринск,46597.0
234,Сосновоборск,39375.0
235,Кулебаки,32943.0
236,Пыть-Ях,40798.0
237,Азнакаево,34863.0
238,Светлоград,36358.0
239,Зеленокумск,35501.0
240,Пугачев,
241,Осинники,43008.0
242,Павловская,17653.0
243,Кыштым,37480.0
244,Тутаев,40441.0
245,Мыски,41628.0
246,Снежинск,50759.0
247,Дюртюли,30858.0
248,Сорочинск,27912.0
249,Невьянск,23200.0
250,Донской,63842.0
251,Приморско-Ахтарск,32048.0
252,Калач-на-Дону,24237.0
253,Острогожск,32714.0
254,Нижнеудинск,33954.0
255,Мариинск,39091.0
256,Аша,29946.0
257,Тулун,41671.0
258,Ирбит,37280.0
259,Сухой Лог,33689.0
260,Полевской,61853.0
261,Нововоронеж,31607.0
262,Брюховецкая,22139.0
263,Заинск,40635.0
264,Северская,24867.0
265,Заводоуковск,26006.0
266,Староминская,29809.0
267,Богородицк,31263.0
268,Богданович,29241.0
269,Карпинск,26571.0
270,Мостовской,24975.0
271,Павловск,17653.0
272,Карталы,28577.0
273,Калач,
274,Красный Сулин,38567.0
275,Морозовск,25467.0
276,Советский,29456.0
277,Кудымкар,31265.0
278,Новый Оскол,18856.0
279,Новотроицк,95139.0
280,Выселки,
281,Тбилисская,25317.0
282,Зерноград,24886.0
283,Реж,37152.0
284,Похвистнево,28223.0
285,Зима,
286,Радужный,43157.0
287,Верхний Уфалей,27879.0
288,Балтийск,33181.0
289,Карасук,27196.0
290,Учалы,37715.0
291,Новокубанск,35287.0
292,Нефтекумск,24763.0
293,Усть-Катав,22536.0
294,Новоалександровск,26997.0
295,Ершов,
296,Новая Усмань,29270.0
297,Бобров,
298,Арамиль,15162.0
299,Железноводск,24912.0
300,Покров,
301,Петушки,
302,Лесосибирск,59642.0
303,Сысерть,20962.0
304,Семенов,24536.0
305,Аткарск,25384.0
306,Семикаракорск,22118.0
307,Благодарный,31100.0
308,Алапаевск,37526.0
309,Семилуки,26797.0
310,Топки,27963.0
311,Янаул,25747.0
312,Ипатово,24021.0
313,Лысково,21293.0
314,Полтавская,26520.0
315,Петровск,29376.0
316,Соль-Илецк,27189.0
317,Заречный,
318,Талнах,
319,Добрянка,33083.0
320,Киреевск,24642.0
321,Отрадная,
322,Артемовский,30778.0
323,Североуральск,26288.0
324,Тара,28116.0
325,Камышлов,26444.0
326,Качканар,38996.0
327,Александровское,741717.0
328,Кимовск,26093.0
329,Афипский,21499.0
330,Новоаннинский,16436.0
331,Благовещенск,225091.0
332,Средняя Ахтуба,14477.0
333,Губаха,20289.0
334,Юрьев-Польский,18610.0
335,Кувандык,24131.0
336,Тайшет,33364.0
337,Безенчук,22618.0
338,Светлый,22140.0
339,Зеленоградск,15493.0
340,Котово,22450.0
341,Богучар,11295.0
342,Лакинск,14568.0
343,Ильский,25502.0
344,Полысаево,26510.0
345,Жирновск,15872.0
346,Калачинск,22781.0
347,Касли,16263.0
348,Нурлат,32954.0
349,Бутурлиновка,24670.0
350,Трехгорный,32355.0
351,Алейск,28972.0
352,Чернянка,14909.0
353,Белоярский,20142.0
354,Кочубеевское,25679.0
355,Еманжелинск,29077.0
356,Барабинск,29122.0
357,Суздаль,9749.0
358,Среднеуральск,23353.0
359,Дивногорск,29117.0
360,Новопавловск,26238.0
361,Сергач,20416.0
362,Иглино,16811.0
363,Красноуфимск,38395.0
364,Суворов,
365,Оса,
366,Собинка,18059.0
367,Ува,20553.0
368,Котельниково,20381.0
369,Палласовка,14940.0
370,Буинск,20905.0
371,Давлеканово,23774.0
372,Светлогорск,13030.0
373,Лермонтов,
374,Калтан,20947.0
375,Калининск,15841.0
376,Анна,
377,Городище,
378,Пойковский,26436.0
379,Судогда,10527.0
380,Заокский,6709.0
381,Короча,5888.0
382,Ясногорск,15741.0
383,Нытва,18804.0
384,Хадыженск,22468.0
385,Кукмор,17700.0
386,Гвардейск,13186.0
387,Новотитаровская,24754.0
388,Катав-Ивановск,16088.0
389,Камешково,12711.0
390,Федоровский,23375.0
391,Кушва,28060.0
392,Суровикино,18954.0
393,Черепаново,19612.0
394,Кировград,19712.0
395,Иноземцево кп,
396,Менделеевск,22203.0
397,Верещагино,22194.0
398,Бавлы,22258.0
399,Меленки,14013.0
400,Венев,14211.0
401,Зверево,19456.0
402,Яровое,18092.0
403,Верхняя Салда,42166.0
404,Шахунья,20183.0
405,Пионерский,11352.0
406,Арск,20419.0
407,Борисовка,
408,Новопокровская,19684.0
409,Вихоревка,21279.0
410,Красноуральск,22996.0
411,Белая Глина,16870.0
412,Константиновск,17317.0
413,Тамань,10027.0
414,Пласт,17648.0
415,Чишмы,22408.0
416,Нижняя Тура,20217.0
417,Раевский,
418,Красноармейск,11501.0
419,Рамонь,8404.0
420,Приютово,19653.0
421,Гаврилов-Ям,17351.0
422,Тальменка,19157.0
423,Чертково,10662.0
424,Мамадыш,15699.0
425,Обь,
426,Березовка,10478.0
427,Старощербиновская,17083.0
428,Урень,12385.0
429,Тавда,33356.0
430,Орловский,315308.0
431,Очер,14240.0
432,Куса,17368.0
433,Юрюзань,
434,Дегтярск,16141.0
435,Бирюч,7205.0
436,Медногорск,25610.0
437,Октябрьск,113929.0
438,Завьялово,9243.0
439,Абдулино,19222.0
440,Аргаяш,10293.0
441,Зеленогорск,62466.0
442,Черноморский,59724.0
443,Линево,18468.0
444,Ессентукская,20166.0
445,Таштагол,23107.0
446,Николаевск,41056.0
447,Гороховец,12948.0
448,Пролетарск,19290.0
449,Баймак,17529.0
450,Калининская,
451,Навашино,15051.0
452,Крыловская,
453,Слюдянка,18241.0
454,Ужур,15568.0
455,Красный Кут,14718.0
456,Ровеньки,46734.0
457,Зимовники,18070.0
458,Цимлянск,14558.0
459,Шушенское,17142.0
460,Саракташ,17588.0
461,Курагино,
462,Тайга,
463,Краснослободск,17405.0
464,Плавск,15870.0
465,Холмская,17585.0
466,Железногорск-Илимский,23643.0
467,Кинель-Черкассы,17252.0
468,Дубовка,14165.0
469,Данилов,14868.0
470,Матвеев-Курган,15489.0
471,Боготол,20245.0
472,Месягутово,38395.0
473,Ленинск,96921.0
474,Дивное,
475,Краснообск,23768.0
476,Высокая Гора,9589.0
477,Волоконовка,10760.0
478,Красная Поляна,4789.0
479,Архипо-Осиповка,7853.0
480,Ладожская,
481,Варениковская,14881.0
482,Джубга кп,899541.0
483,Ахтырский,21067.0
484,Черлак,10472.0
485,Балезино,14772.0
486,Елань,
487,Промышленная,17821.0
488,Емельяново,
489,Талица,15874.0
490,Поворино,17095.0
491,Усть-Донецкий,11256.0
492,Грайворон,6404.0
493,Нижнесортымский,12485.0
494,Исилькуль,23151.0
495,Кизел,15572.0
496,Аркадак,11986.0
497,Новосергиевка,13737.0
498,Лукоянов,14136.0
499,Таловая,
500,Курская,448733.0
501,Тетюши,11337.0
502,Покачи,17905.0
503,Иловля,
504,Неман,
505,Москаленки,9271.0
506,Прохоровка,9081.0
507,Егорлыкская,17660.0
508,Белев,13362.0
509,Вешенская,9261.0
510,Игра,
511,Уруссу,10570.0
512,Солнечнодольск,11707.0
513,Старовеличковская,13459.0
514,Вейделевка,6431.0
515,Мензелинск,17153.0
516,Целина,
517,Октябрьское,
518,Первомайск,38235.0
519,Багратионовск,6409.0
520,Иланский,15013.0
521,Багаевская,15459.0
522,Нефтегорск,18119.0
523,Струнино,13281.0
524,Медведовская,16793.0
525,Енисейск,17999.0
526,Байкальск,12738.0
527,Горнозаводск,11477.0
528,Бодайбо,13104.0
529,Борское,78385.0
530,Упорово,6417.0
531,Голышманово,14336.0
532,Кармаскалы,8540.0
533,Курсавка,11215.0
534,Исетское,7479.0
535,Новомихайловский кп,
536,Ардатов,8734.0
537,Агрыз,19704.0
538,Алтайское,
539,Куеда,
540,Чкаловск,50000.0
541,Буздяк,10323.0
542,Горняк,12972.0
543,Ракитное,10504.0
544,Перевоз,8928.0
545,Боровский,10966.0
546,Рефтинский,16020.0
547,Ордынское,9727.0
548,Верхнеяркеево,9384.0
549,Степное,103132.0
550,Агидель,15281.0
551,Карабаново,14817.0
552,Верхнеуральск,9312.0
553,Усть-Ордынский,14557.0
554,Дудинка,21513.0
555,Починки,
556,Полазна,13021.0
557,Барда,38.0
558,Васильево,
559,Нязепетровск,11752.0
560,Ворсма,10589.0
561,Любинский,10435.0
562,Чалтырь,15334.0
563,Тоцкое,6898.0
564,Хвалынск,12556.0
565,Дивеево,6408.0
566,Излучинск,19597.0
567,Хомутово,
568,Тюльган,9189.0
569,Тацинская,9533.0
570,Нестеров,4086.0
571,Разумное,
572,Еткуль,6740.0
573,Залари,9576.0
574,Азово,
575,Новониколаевский,
576,Тоцкое Второе,
577,Суходол,9749.0
578,Тюкалинск,10326.0
579,Суксун,8127.0
580,Камбарка,10477.0
581,Кумылженская,7953.0
582,Чекмагуш,11382.0
583,Воротынец,6154.0
584,Псебай,10533.0
585,Ветлуга,8501.0
586,Красновишерск,15587.0
587,Уйское,
588,Донское,
589,Грибановский,15040.0
590,Лаишево,8518.0
591,Ясный,15675.0
592,Ольховатка,3416.0
593,Алексеевское,53678.0
594,Кандры,10885.0
595,Новохоперск,6188.0
596,Таврическое,
597,Поспелиха,34388.0
598,Кушнаренково,9870.0
599,Джалиль,
600,Тогучин,21159.0
601,Самарское,
602,Казанское,
603,Верхотурье,8651.0
604,Долгодеревенское,7700.0
605,Серафимович,
606,Полесск,7041.0
607,Красногвардейское,7205.0
608,Тарасовский,9017.0
609,Смоленская,330025.0
610,Володарск,10021.0
611,Бородино,16249.0
612,Левокумское,9713.0
613,Большеречье,
614,Татарск,23956.0
615,Ставрово,7458.0
616,Кодинск,16312.0
617,Шигоны,5309.0
618,Александровск,741717.0
619,Пластуновская,12069.0
620,Бачатский,14028.0
621,Ивня,7403.0
622,Свирск,13110.0
623,Кантемировка,11060.0
624,Красногорский,161525.0
625,Змеиногорск,10533.0
626,Чернь,
627,Бураево,9522.0
628,Варна,367171.0
629,Вача,5283.0
630,Подгоренский,5758.0
631,Каменоломни,
632,Толбазы,10114.0
633,Болохово,9093.0
634,Увельский,10500.0
635,Сарманово,9043.0
636,Бакал,19590.0
637,Карабаш,11178.0
638,Майский,27074.0
639,Гай,35255.0
640,Пролетарский,19290.0
641,Верхний Мамон,8561.0
642,Красноусольский,11991.0
643,Мраково,8690.0
644,Марьяновка,
645,Краснознаменск,41769.0
646,Сергиевск,8661.0
647,Борисоглебский,62669.0
648,Витязево,7936.0
649,Кулунда,15102.0
650,Костерево,8340.0
651,Пестрецы,8102.0
652,Балтаси,8241.0
653,Заозерный,10286.0
654,Кондратово,10023.0
655,Переволоцкий,9598.0
656,Красная Яруга,8168.0
657,Красные Баки,7818.0
658,Большая Мартыновка,6158.0
659,Кольцово,
660,Волчанск,8722.0
661,Миасское,9755.0
662,Яйва,9996.0
663,Актаныш,9615.0
664,Песчанокопское,10593.0
665,Уяр,12074.0
666,Красная Горбатка,8113.0
667,Дубна,75144.0
668,Карагай,
669,Малая Пурга,7768.0
670,Аксубаево,9905.0
671,Липки,8976.0
672,Северо-Задонск,
673,Черемшан,6596.0
674,Грачевка,
675,Верхние Татышлы,6645.0
676,Успенское,
677,Первомайский,
678,Васюринская,13339.0
679,Некрасовское,5897.0
680,Ивантеевка,76612.0
681,Камские Поляны,15399.0
682,Киргиз-Мияки,7473.0
683,Нехаевская,4679.0
684,Мамонтово,40798.0
685,Шатки,8796.0
686,Кагальницкая,6831.0
687,Казанская,
688,Алнаши,5964.0
689,Воскресенское,93565.0
690,Арзгир,14722.0
691,Винзили,12989.0
692,Бреды,
693,Старонижестеблиевская,10260.0
694,Смоленское,330025.0
695,Правдинск,4171.0
696,Эртиль,10410.0
697,Междуреченский,97060.0
698,Княгинино,7062.0
699,Называевск,11249.0
700,Новоминская,11971.0
701,Кез,10911.0
702,Верхний Тагил,11171.0
703,Семибратово,6770.0
704,Кормиловка,9783.0
705,Тяжинский,10121.0
706,Новомышастовская,10032.0
707,Богатые Сабы,8670.0
708,Хохольский,7575.0
709,Акбулак,13918.0
710,Кабардинка,7550.0
711,Новодмитриевская,5244.0
712,Богатое,360590.0
713,Новоселицкое,8643.0
714,Рыбная Слобода,7787.0
715,Пошехонье,5867.0
716,Рыздвяный,7489.0
717,Марьянская,11887.0
718,Юго-Камский,8019.0
719,Большое Болдино,5074.0
720,Даниловка,
721,Колывань,12429.0
722,Голубицкая,5570.0
723,Октябрьская,
724,Шарлык,
725,Мошково,9856.0
726,Светлый Яр,11749.0
727,Новосемейкино,9941.0
728,Муромцево,
729,Михайловское,90698.0
730,Кашары,6529.0
731,Кулешовка,124705.0
732,Томаровка,7914.0
733,Приобье,6783.0
734,Старомышастовская,10610.0
735,Новоузенск,
736,Чесма,
737,Мышкин,5738.0
738,Ленинский,15149.0
739,Арсеньево,
740,Верхний Услон,4499.0
741,Сосновское,8247.0
742,Сеченово,7200.0
743,Азовская,
744,Верхняя Тура,9039.0
745,Болгар,8571.0
746,Туринск,17316.0
747,Рудня,9484.0
748,Ильиногорск,7363.0
749,Гагино,
750,Быково,
751,Кизильское,6651.0
752,Верхняя Хава,8154.0
753,Родионово-Несветайская,
754,Ивдель,16090.0
755,Викулово,6995.0
756,Омутинское,9201.0
757,Сим,
758,Оханск,7072.0
759,Агаповка,6561.0
760,Муслюмово,464.0
761,Куйтун,9487.0
762,Аскарово,
763,Нижняя Тавда,6846.0
764,Караидель,5980.0
765,Мулино,62175.0
766,Бижбуляк,6446.0
767,Нижняя Салда,17380.0
768,Обливская,9908.0
769,Богандинский,10348.0
770,Шаран,5929.0
771,Глубокий,18921.0
772,Летняя Ставка,4437.0
773,Троицкое,
774,Дальнее Константиново,4133.0
775,Пятигорский,145885.0
776,Чунский,14135.0
777,Игрим,7477.0
778,Сузун,15491.0
779,Исянгулово,7418.0
780,Пышма,70160.0
781,Алексеевская,
782,Большая Глушица,9667.0
783,Шерегеш,10109.0
784,Благовещенка,11565.0
785,Петров Вал,12177.0
786,Болотное,15629.0
787,Миньяр,9342.0
788,Рассвет,
789,Чердынь,4687.0
790,Ермаковское,8557.0
791,Нововеличковская,9169.0
792,Кавказская,10555.0
793,Абатское,7959.0
794,Коченево,16956.0
795,Языково,
796,Каменка,36566.0
797,Рощино,
798,Архангельское,349742.0
799,Заветное,6633.0
800,Дивноморское,6358.0
801,Северный,
802,Янтарный,5529.0
803,Абан,
804,Анастасиевская,10569.0
805,Винсады,9103.0
806,Култаево,7562.0
807,Актюбинский,417471.0
808,Новошешминск,4594.0
809,Ладушкин,4007.0
810,Арти,12997.0
811,Славск,4145.0
812,Малояз,
813,Купино,13781.0
814,Вознесенское,406113.0
815,Яя,
816,Акъяр,
817,Березанская,6968.0
818,Богучаны,11232.0
819,Апастово,5340.0
820,Елизаветинская,
821,Сухобузимское,4293.0
822,Камское Устье,4427.0
823,Одоев,5559.0
824,Ольгинская,5613.0
825,Вольгинский,5876.0
826,Большая Соснова,4864.0
827,Натухаевская,6922.0
828,Новая Ляля,11947.0
829,Топчиха,8906.0
830,Усть-Кинельский,11384.0
831,Боковская,5086.0
832,Воронежская,1058547.0
833,Сюмси,5250.0
834,Якшур-Бодья,7211.0
835,Пестравка,6500.0
836,Белореченский,52082.0
837,Новоорск,11295.0
838,Яшкино,13884.0
839,Кизнер,9805.0
840,Львовское,
841,Милютинская,2518.0
842,Головчино,4716.0
843,Кошки,
844,Гостагаевская,9772.0
845,Сладково,
846,Серафимовский,9813.0
847,Стародеревянковская,12998.0
848,Платнировская,12004.0
849,Гигант,
850,Боголюбово,4494.0
851,Пелагиада,6859.0
852,Шаранга,6692.0
853,Верхнее Дуброво,5120.0
854,Новосмолинский,5587.0
855,Ерзовка,79168.0
856,Большое Мурашкино,5080.0
857,Пильна,6849.0
858,Селты,5204.0
859,Ребриха,8182.0
860,Солнечный,
861,Курумоч,
862,Нововаршавка,6093.0
863,Петровское,13500.0
864,Аскино,
865,Озерки,25359.0
866,Частые,632372.0
867,Нижние Серги,9424.0
868,Шербакуль,6595.0
869,Спасское,442.0
870,Большой Исток,7281.0
871,Гамово,
872,Сокольское,
873,Должанская,95153.0
874,Бисерть,9574.0
875,Покровское,225752.0
876,Теплое,
877,Агроном,
878,Новый Некоуз,3816.0
879,Шиханы,
880,Кунашак,6296.0
881,Приволжье,
882,Бердюжье,
883,Солдато-Александровское,9516.0
884,Павлоградка,7154.0
885,Краснобродский,11715.0
886,Усолье,77989.0
887,Балакирево,9631.0
888,Шипуново,57032.0
889,Мегет,8918.0
890,Нижнебаканская,8277.0
891,Хабары,
892,Полетаево,6500.0
893,Криводановка,10051.0
894,Курлово,6141.0
895,Асекеево,5201.0
896,Краснощеково,4848.0
897,Кукуштан,5305.0
898,Салаир,7589.0
899,Пречистое,4692.0
900,Чернышковский,5130.0
901,Верхние Киги,6637.0
902,Аромашево,5373.0
903,Мингрельская,5112.0
904,Старотитаровская,12968.0
905,Тугулым,5658.0
906,Баранчинский,9461.0
907,Ташла,815.0
908,Уват,
909,Волово,
910,Орда,
911,Анапская,16107.0
912,Ярково,
913,Знаменск,26934.0
914,Уральский,306549.0
915,Советское,15538.0
916,Архангельская,349742.0
917,Крапивинский,7375.0
918,Мамоново,8056.0
919,Ирбейское,4687.0
920,Инской,12099.0
921,Новолеушковская,6462.0
922,Клетская,5323.0
923,Старая Полтавка,4159.0
924,Трудобеликовский,9393.0
925,Большеустьикинское,7839.0
926,Подстепки,9944.0
927,Ковернино,6869.0
928,Старобалтачево,5598.0
929,Северное,
930,Шелаболиха,
931,Ижморский,4879.0
932,Новодеревянковская,6795.0
933,Александрийская,
934,Елово,83486.0
935,Маслова Пристань,6048.0
936,Новоблагодарное,3263.0
937,Большое Село,3818.0
938,Переясловская,8424.0
939,Краснозерское,9216.0
940,Темиргоевская,7462.0
941,Решетиха,6750.0
942,Межозерный,6976.0
943,Ивановская,1796.0
944,Краснохолмский,8021.0
945,Базарные Матаки,5899.0
946,Сокольники,
947,Любим,5125.0
948,Гремячинск,9000.0
949,Советская,40486.0
950,Усть-Качка,4350.0
951,Родино,
952,Балахта,6490.0
953,Шаркан,6523.0
954,Преображенская,
955,Шолоховский,7588.0
956,Стерлибашево,5930.0
957,Кировская,
958,Ярославская,
959,Курчанская,6600.0
960,Новобатайск,5340.0
961,Каракулино,4724.0
962,Вавож,5721.0
963,Бородинский,
964,Верхнерусское,5276.0
965,Буланаш,12504.0
966,Калманка,3203.0
967,Двуреченск,4935.0
968,Новобелокатай,5961.0
969,Салым,6554.0
970,Белый Яр,165.0
971,Каскара,
972,Небуг,3972.0
973,Репьевка,59123.0
974,Новокорсунская,4945.0
975,Городищи,
976,Отрадное,25421.0
977,Киясово,3200.0
978,Ремонтное,6704.0
979,Рязанская,538962.0
980,Первомайское,
981,Марьинская,15822.0
982,Большая Черниговка,6693.0
983,Григорополисская,8988.0
984,Ачикулак,5936.0
985,Бриньковская,5109.0
986,Дубовское,8544.0
987,Боровиха,7507.0
988,Краснотуранск,5478.0
989,Шентала,6613.0
990,Зилаир,5585.0
991,Вишневогорск,4219.0
992,Новоегорьевское,
993,Сакмара,
994,Куркино,
995,Красное,56758.0
996,Андреево,
997,Латная,7379.0
998,Петровская,
999,Прибрежный,
1000,Усть-Кишерть,4617.0
1001,Уинское,4304.0
1002,Саргатское,8028.0
1003,Красногорское,161525.0
1004,Горьковское,
1005,Верхние Серги,5702.0
1006,Чулым,11270.0
1007,Калужская,30839.0
1008,Большое Сорокино,5317.0
1009,Ильинская,6632.0
1010,Фершампенуаз,4368.0
1011,Ермолаево,
1012,Озинки,8717.0
1013,Кисляковская,5145.0
1014,Юца,9427.0
1015,Супсех,6669.0
1016,Колодезный,
1017,Бохан,
1018,Туринская Слобода,
1019,Терновка,28702.0
1020,Дебёсы,5778.0
1021,Каратузское,7456.0
1022,Южный,32100.0
1023,Большой Улуй,3340.0
1024,Еманжелинка,
1025,Брейтово,3308.0
1026,Безопасное,6598.0
1027,Московский,53417.0
1028,Тоншаево,4581.0
1029,Осиново,5351935.0
1030,Труновское,14927.0
1031,Грачёвка,
1032,Одесское,6148.0
1033,Новотроицкая,95139.0
1034,Персиановский,15754.0
1035,Ливенка,3870.0
1036,Шаля,
1037,Гирей,
1038,Камышла,26444.0
1039,Крутиха,3684.0
1040,Шалинское,3932.0
1041,Кропачево,4531.0
1042,Алзамай,6040.0
1043,Большая Орловка,49674.0
1044,Мелиховская,3593.0
1045,Субханкулово,5598.0
1046,Елховка,85476.0
1047,Зауральский,7525.0
1048,Пономарёвка,
1049,Шварцевский,4780.0
1050,Надежда,
1051,Прасковея,10872.0
1052,Новоукраинское,16858.0
1053,Косиха,
1054,Ивановское,1796.0
1055,Билимбай,6044.0
1056,Агой,2662.0
1057,Никологоры,4977.0
1058,Тевриз,6893.0
1059,Челно-Вершины,5747.0
1060,Калниболотская,5722.0
1061,Ростовка,
1062,Сибирский,77989.0
1063,Стрелица,
1064,Ермекеево,3937.0
1065,Береславка,139.0
1066,Грицовский,5877.0
1067,Межгорье,15861.0
1068,Оконешниково,4825.0
1069,Петра Дубрава,6998.0
1070,Александров Гай,9728.0
1071,Хохол,
1072,Тумботино,6855.0
1073,Новогуровский,3447.0
1074,Красные Ткачи,4235.0
1075,Питерка,5439.0
1076,Яр,13721.0
1077,Адамовка,8749.0
1078,Романовская,
1079,Хворостянка,5161.0
1080,Большая Мурта,7888.0
1081,Лысогорская,11198.0
1082,Идринское,5135.0
1083,Вагай,
1084,Козулька,7833.0
1085,Клявлино,6967.0
1086,Бурмакино,14475.0
1087,Плешаново,
1088,Новый Рогачик,6992.0
1089,Пески,
1090,Зольская,9330.0
1091,Усть-Калманка,6200.0
1092,Тимашево,
1093,Ревякино,315308.0
1094,Елань-Колено,5.0
1095,Красносельский,
1096,Рощинский,10903.0
1097,Солуно-Дмитриевское,3183.0
1098,Новоджерелиевская,5020.0
1099,Бобровский,
1100,Белоярск,
1101,Еланский,10038.0
1102,Кытманово,3798.0
1103,Горный,63214.0
1104,Варнавино,3304.0
1105,Челбасская,6930.0
1106,Юкаменское,3940.0
1107,Фастовецкая,8573.0
1108,Бурла,61272.0
1109,Афонино,143051.0
1110,Казьминское,5676.0
1111,Крутинка,6878.0
1112,Верх-Чебула,4584.0
1113,Красноярка,97366.0
1114,Староалейское,4604.0
1115,Большое Козино,6668.0
1116,Хреновое,4983.0
1117,Усть-Чарышская Пристань,4809.0
1118,Старое Дрожжаное,3210.0
1119,Роза,
1120,Вышестеблиевская,3779.0
1121,Кузедеево,3609.0
1122,Исаклы,4451.0
1123,Покойное,
1124,Рождествено,2129.0
1125,Зудилово,4025.0
1126,Великовечное,6222.0
1127,Мундыбаш,4577.0
1128,Новогорный,6733.0
1129,Незлобная,19746.0
1130,Зональное,507155.0
1131,Бессоновка,3065.0
1132,Жирнов,
1133,Нижняя Омка,4821.0
1134,Бердяуш,5018.0
1135,Кротовка,1617.0
1136,Сенной,5491.0
1137,Стрелецкое,
1138,Юргинское,4546.0
1139,Смышляевка,9193.0
1140,Кочево,3504.0
1141,Дёмино,
1142,Русская Поляна,32562.0
1143,Тисуль,7801.0
1144,Уразово,6931.0
1145,Адагум,2827.0
1146,Ис,
1147,Калинин,420065.0
1148,Дядьковская,4377.0
1149,Залесово,
1150,Оек,3470.0
1151,Угловское,4381.0
1152,Домбаровский,8614.0
1153,Темижбекская,5778.0
1154,Новоуткинск,5360.0
1155,Лобва,
1156,Филимоново,
1157,Звездный,
1158,Романово,
1159,Джигинка,4361.0
1160,Тонкино,4745.0
1161,Боргустанская,3990.0
1162,Московское,
1163,Старолеушковская,5251.0
1164,Алкино-2,5383.0
1165,Лузино,8964.0
1166,Оверята,5109.0
1167,Ладовская Балка,4333.0
1168,Стройкерамика,7682.0
1169,Большой Луг,5366.0
1170,Большие Чапурники,3228.0
1171,Федоровка,
1172,Кагальник,8116.0
1173,Баево,
1174,Юмагузино,65422.0
1175,Киевское,
1176,Целинное,5145.0
1177,Знаменское,26934.0
1178,Мирный,35376.0
1179,Чарышское,318045.0
1180,Кутулик,4870.0
1181,Углянец,3658.0
1182,Тайтурка,4841.0
1183,Подбельск,3417.0
1184,Приморск,1960.0
1185,Табуны,
1186,Полтавка,
1187,Новичиха,4451.0
1188,Обильное,74758.0
1189,Бекешевская,2958.0
1190,Соколово,37191.0
1191,Георгиевская,67714.0
1192,Шкуринская,4597.0
1193,Девица,
1194,Ясная Поляна,
1195,Мухтолово,4636.0
1196,Константиновский,17317.0
1197,Саратовская,41056.0
1198,Удобная,5314.0
1199,Верх-Нейвинский,4949.0
1200,Сосьва,8249.0
1201,Маркова,
1202,Новониколаевская,
1203,Калтасы,
1204,Хохряки,5076.0
1205,Гривенская,4723.0
1206,Новые Зори,3299.0
1207,Березово,
1208,Кабаково,
1209,Краснокаменск,52811.0
1210,Шепси,
1211,Новощербиновская,6190.0
1212,Цибанобалка,5370.0
1213,Солтон,
1214,Лесная Поляна,
1215,Нижние Вязовые,7944.0
1216,Татарка,6365.0
1217,Николаевка,15391.0
1218,Кирпильская,5179.0
1219,Троицкий,75231.0
1220,Черноисточинск,3814.0
1221,Родниковская,8346.0
1222,Горбатов,
1223,Заплавное,3734.0
1224,Тюбук,2863.0
1225,Авдон,5263.0
1226,Мстера,4153.0
1227,Большой Лог,4336.0
1228,Плотниково,
1229,Сылва,
1230,Глебовка,
1231,Курманаевка,4411.0
1232,Благодатное,3649.0
1233,Тайжина,4812.0
1234,Армизонское,4776.0
1235,Туртас,
1236,Величаевское,5204.0
1237,Качуг,6950.0
1238,Некрасовская,
1239,Грамотеино,12408.0
1240,Беляевка,12047.0
1241,Балахоновское,4443.0
1242,Степное Озеро,6319.0
1243,Николо-Павловское,5042.0
1244,Эдиссия,5756.0
1245,Большая Ирба,4179.0
1246,Ключи,4598.0
1247,Абрау-Дюрсо,3519.0
1248,Ветлужский,8501.0
1249,Хрящевка,3544.0
1250,Еланцы,4027.0
1251,Саянский,38897.0
1252,Успенская,
1253,Тимирязевский,
1254,Налобиха,
1255,Георгиевка,
1256,Монетный,5633.0
1257,Ачит,4901.0
1258,Цементный,
1259,Дубовый Умет,3389.0
1260,Мелехово,1796.0
1261,Абрамовка,
1262,Барсуковская,4712.0
1263,Агинское,17943.0
1264,Ждановский,
1265,Лихой,
1266,Сростки,2769.0
1267,Мальчевская,3431.0
1268,Посевная,
1269,Старомарьевка,
1270,Малиновое Озеро,3090.0
1271,Серноводск,11980.0
1272,Пижма,
1273,Дмитриевское,6619.0
1274,Сандата,3658.0
1275,Зайково,4344.0
1276,Новомалороссийская,5778.0
1277,Сокур,
1278,Тельма,
1279,Малышева,
1280,Новонукутский,3408.0
1281,Юровка,3537.0
1282,Железнодорожный,
1283,Бутка,3077.0
1284,Новый Егорлык,3261.0
1285,Червишево,
1286,Ахтанизовская,3254.0
1287,Приморка,
1288,Аксаково,8042.0
1289,Кедровка,
1290,Солонешное,4349.0
1291,Столбище,4018.0
1292,Краснокумское,17451.0
1293,Затеречный,7602.0
1294,Константиновская,17317.0
1295,Каргат,9519.0
1296,Новолабинская,3237.0
1297,Зюкайка,3984.0
1298,Маслянино,12807.0
1299,Свободный,53678.0
1300,Юганец,2735.0
1301,Каясула,5004.0
1302,Новая Заимка,4143.0
1303,Нижний Ингаш,7087.0
1304,Бавлены,2698.0
1305,Большая Атня,3536.0
1306,Новорождественская,6505.0
1307,Бродокалмак,3046.0
1308,Новый Городок,29424.0
1309,Мечетинская,6576.0
1310,Дорогино,225.0
1311,Култук,
1312,Кудряшовский,4559.0
1313,Гремячье,235.0
1314,Балаганск,3909.0
1315,Спокойная,5458.0
1316,Всеволодо-Вильва,2453.0
1317,Птичье,
1318,Новозаведенное,5057.0
1319,Усть-Тарка,3819.0
1320,Роговская,
1321,Новоаганск,9658.0
1322,Дружинино,
1323,Бершеть,3308.0
1324,Зирган,4125.0
1325,Виноградный,
1326,Комсомольский,248254.0
1327,Горный Щит,6299.0
1328,Коноково,7956.0
1329,Горноуральский,3421.0
1330,Новоплатнировская,3369.0
1331,Приупский,1108.0
1332,Быстрый Исток,3460.0
1333,Кривянская,10423.0
1334,Барсуки,
1335,Ясногорский,15741.0
1336,Петрокаменское,3401.0
1337,Старая Станица,7102.0
1338,Довольное,6774.0
1339,Дракино,
1340,Сентябрьский,920.0
1341,Обшаровка,5667.0
1342,Толмачево,
1343,Атиг,3162.0
1344,Трудармейский,4769.0
1345,Развильное,
1346,Венгерово,6928.0
1347,Соломенское,2415.0
1348,Средний,
1349,Новолуговое,
1350,Карагайлинский,4245.0
1351,Новая Игирма,9496.0
1352,Подгорный,
1353,Кедровый,2034.0
1354,Панкрушиха,4941.0
1355,Товарковский,7651.0
1356,Константиновское,17317.0
1357,Гофицкое,4926.0
1358,Нижний Кисляй,3340.0
1359,Верхняя Синячиха,9734.0
1360,Александровская,741717.0
1361,Межевой,
1362,Волга,
1363,Подгородняя Покровка,
1364,Нины,4121.0
1365,Павловский,24858.0
1366,Старосубхангулово,4609.0
1367,Переправная,3261.0
1368,Воля,
1369,Новочернореченский,3823.0
1370,Высоцкое,
1371,Верх-Тула,6020.0
1372,Староуткинск,3055.0
1373,Преградное,2940.0
1374,Ясенская,4751.0
1375,Семилетка,
1376,Усть-Ишим,4802.0
1377,Дуван,
1378,Талинка,3559.0
1379,Баговская,1272.0
1380,Ельцовка,605.0
1381,Попутная,5809.0
1382,Большие Салы,3483.0
1383,Улькан,4902.0
1384,Барышево,
1385,Зыково,
1386,Горноправдинск,4844.0
1387,Таежный,
1388,Чермоз,3519.0
1389,Красюковская,4240.0
1390,Коржевский,
1391,Саваслейка,2686.0
1392,Шедок,2883.0
1393,Чистоозерное,5628.0
1394,Тюхтет,
1395,Веселое,4140.0
1396,Айша,
1397,Черемное,
1398,Перелешино,3964.0
1399,Петропавловская,
1400,Григорьевская,1295.0
1401,Линда,
1402,Тирлянский,4062.0
1403,Копанская,3965.0
1404,Терновская,28702.0
1405,Канеловская,4305.0
1406,Средний Икорец,4946.0
1407,Новый Буян,
1408,Скородное,
1409,Суроватиха,
1410,Новоселово,5691.0
1411,Седельниково,1965.0
1412,Верхнебаканский,6773.0
1413,Нижняя Мактама,10091.0
1414,Андрюки,2779.0
1415,Майкор,2993.0
1416,Усть-Уда,5144.0
1417,Бесскорбная,5892.0
1418,Левиха,4601.0
1419,Стрелка,
1420,Локомотивный,8518.0
1421,Юсьва,733.0
1422,Кугульта,5574.0
1423,Киренск,11310.0
1424,Итатский,3228.0
1425,Нижнетроицкий,3805.0
1426,Большие Уки,3968.0
1427,Красная Горка,
1428,Бирюсинск,8477.0
1429,Курья,230006.0
1430,Николо-Березовка,6202.0
1431,Александрия,4984387.0
1432,Кузино,62592.0
1433,Шемордан,5876.0
1434,Красногвардеец,
1435,Подкумок,
1436,Юрты,
1437,Тасеево,8038.0
1438,Подтесово,3928.0
1439,Арья,4783.0
1440,Горняцкий,
1441,Памяти 13 Борцов,3078.0
1442,Юрла,4874.0
1443,Русский Акташ,4249.0
1444,Центральный,
1445,Новоалексеевская,3617.0
1446,Новобессергеневка,3585.0
1447,Стародубское,62495.0
1448,Высокий,
1449,Пешково,
1450,Вознесенская,
1451,Балашейка,2786.0
1452,Щелкун,2938.0
1453,Губская,3221.0
1454,Жигалово,4983.0
1455,Антиповка,
1456,Колосовка,193.0
1457,Новоомский,4946.0
1458,Новоселезнево,3408.0
1459,Сатис,1391.0
1460,Пировское,3046.0
1461,Исеть,
1462,Старопавловская,2936.0
1463,Двубратский,8115.0
1464,Грахово,3130.0
1465,Нагутское,3026.0
1466,Тогул,4225.0
1467,Венцы,3891.0
1468,Новобейсугская,3428.0
1469,Белозерный,4342.0
1470,Туношна,
1471,Нежинский,
1472,Бурлацкое,
1473,Нежинка,5906.0
1474,Прибельский,1120547.0
1475,Фоки,3593.0
1476,Старобачаты,4382.0
1477,Куяново,
1478,Нижний Чир,4038.0
1479,Ленина,
1480,Спиридоновка,
1481,Золотково,2727.0
1482,Бехтеевка,3290.0
1483,Береза,
1484,Подгорная,
1485,Лукино,0.0
1486,Белогорск,
1487,Гражданское,
1488,Отрадо-Ольгинское,3554.0
1489,Чебеньки,
1490,Улу-Теляк,
1491,Шамары,
1492,Байкит,3293.0
1493,Канашево,3246.0
1494,Дзержинское,
1495,Передовая,78631.0
1496,Гайны,4050.0
1497,Чернолесское,5763.0
1498,Пятницкое,
1499,Лог,33689.0
1500,Русское,12506468.0
1501,Николаевская,
1502,Вахтан,4952.0
1503,Горячеводский,36757.0
1504,Владимирская,59328.0
1505,Верх-Катунское,2723.0
1506,Красноярский,1090811.0
1507,Синегорский,5750.0
1508,Унъюган,4255.0
1509,Михайловская,90698.0
1510,Кыштовка,5282.0
1511,Тюменцево,5255.0
1512,Этока,2854.0
1513,Большегривское,3465.0
1514,Партизанское,37059.0
1515,Темясово,3529.0
1516,Соколовское,
1517,Незамаевская,2744.0
1518,Орлово,
1519,Каз,72481.0
1520,Козловка,9058.0
1521,Горное Лоо,3322.0
1522,Дмитриевка,
1523,Новобирилюссы,4141.0
1524,Татарская Каргала,3800.0
1525,Большая Джалга,3038.0
1526,Чистогорский,4607.0
1527,Батуринская,3264.0
1528,Плеханово,
1529,Спицевка,
1530,Пшехская,5064.0
1531,Луговской,1599.0
1532,Казачинское,3604.0
1533,Ныроб,4914.0
1534,Сухобезводное,6009.0
1535,Новохоперский,6108.0
1536,Дмитриевская,6619.0
1537,Артышта,2780.0
1538,Барсово,5677.0
1539,Тыреть 1-я,3944.0
1540,Ташара,3058.0
1541,Староджерелиевская,2975.0
1542,Новоукраинский,16858.0
1543,Тищенское,3004.0
1544,Выездное,7779.0
1545,Гайдук,
1546,Сумкино,
1547,Галюгаевская,2679.0
1548,Уршельский,3783.0
1549,Мотыгино,5323.0
1550,Приволжский,
1551,Северо-Енисейский,6747.0
1552,Правокумское,10767.0
1553,Кочки,86999.0
1554,Северка,
1555,Свободы,
1556,Мишелевка,5615.0
1557,Тургояк,
1558,Арпачин,1469.0
1559,Мама,
1560,Туруханск,4662.0
1561,Майкопское,4106.0
1562,Канглы,
1563,Новосинеглазовский,
1564,Сомово,
1565,Землянск,3043.0
1566,Чекалин,941.0
1567,Отказное,
1568,Верхняя Тишанка,3250.0
1569,Иргаклы,
1570,Орловка,
1571,Верх-Ирмень,3123.0
1572,Брусянский,3513.0
1573,Здвинск,5402.0
1574,Инзер,
1575,Летник,
1576,Станционно-Ояшинский,4893.0
1577,Локосово,2367.0
1578,Убинское,
1579,Углеуральский,9109.0
1580,Новая Таволжанка,5324.0
1581,Грушевская,
1582,Махнево,3089.0
1583,Раздольная,
1584,Гидроторф,
1585,Пожва,3131.0
1586,Отрадо-Кубанское,3789.0
1587,Упорная,3036.0
1588,Красный Коммунар,4.0
1589,Синявское,
1590,Курьи,4810.0
1591,Иловка,38447.0
1592,Краснохолм,5806.0
1593,Ахтарский,32048.0
1594,Кваркено,
1595,Пелым,
1596,Черноерковская,3416.0
1597,Темиртау,179194.0
1598,Садовый,
1599,Новобирюсинский,4463.0
1600,Маньково-Калитвенское,3739.0
1601,Нижний Мамон,3564.0
1602,Никольское,21888.0
1603,Рудногорск,3198.0
1604,Чунояр,2957.0
1605,Кильмезь,
1606,Память Парижской Коммуны,3761.0
1607,Мортка,3506.0
1608,Быстрогорский,3578.0
1609,Виля,3613.0
1610,Высокое,5164.0
1611,Савинка,
1612,Пашия,3606.0
1613,Колтубановский,5.0
1614,Роговатое,3001.0
1615,Керчевский,2500.0
1616,Темижбекский,3866.0
1617,Березовый,
1618,Ломинцевский,2228.0
1619,Засосна,78.0
1620,Калья,
1621,Теплая Гора,2884.0
1622,Круглолесское,2955.0
1623,Гусевский,55421.0
1624,Лебяжье,4346.0
1625,Сотниковское,4203.0
1626,Орел-Изумруд,5726.0
1627,Уфимский,
1628,Левокумка,6715.0
1629,Бетьки,
1630,Хатанга,2645.0
1631,Ковалевское,
1632,Черемухово,73.0
1633,Сява,
1634,Кама,
1635,Восточный,
1636,Заветный,5254.0
1637,Мартюш,3815.0
1638,Перелешинский,2663.0
1639,Анджиевский,6312.0
1640,Исток,
1641,Сухая Буйвола,
1642,Буревестник,
1643,Магистральный,6286.0
1644,Пирогово,
1645,Новоильинский,
1646,Заводоуспенское,1285.0
1647,Нижняя Пойма,8100.0
1648,Игарка,4754.0
1649,Парковый,
1650,Прикубанский,
1651,Кошурниково,3232.0
1652,Садовое,
1653,Онохино,
1654,Тинской,3362.0
1655,Гари,
1656,Огаревка,2793.0
1657,Бешпагир,4041.0
1658,Дружба,
1659,Ишня,
1660,Придонский,
1661,Красногвардейский,7205.0
1662,Марковский,83486.0
1663,Матмасы,
1664,Бор,
1665,Озерск,
1666,Куйбышев,
1667,Красный Яр,
1668,Суворовская,
1669,Бакалы,
1670,Веселый,
1671,Ольховка,
1672,Бутурлино,
1673,Лобаново,
1674,Вад,
1675,Ильинский,
1676,Васильково,
1677,Байкалово,
1678,Дубовое,
1679,Илек,
1680,Давыдовка,
1681,Сива,
1682,Красноармейское,
1683,Энергетик,
1684,Панино,
1685,Каширское,
1686,Матвеевка,
1687,Зеленогорский,
1688,Чик,
1689,Волчиха,
1690,Раевская,
1691,Мишкино,
1692,Привольное,
1693,Воробьевка,
1694,Куйбышево,
1695,Привольная,
1696,Малиновка,
1697,Петропавловка,
1698,Александровка,
1699,Пригородный,
1700,Комсомолец,
1701,Павловка,
1702,Троицкая,
1703,Мысхако,
1704,Урожайное,
1705,Екатериновка,
1706,Митрофановка,
1707,Баган,
1708,Магнитка,
1709,Атаманская,
1710,Осинки,
1711,Успенка,
1712,Чаны,
1713,Дубки,
1714,Чернуха,
1715,Головино,
1716,Новый,
1717,Антипино,
1718,Сарс,
1719,Лесогорск,
1720,Подгорное,
1721,Краснооктябрьский,
1722,Лосево,
1723,Красноармейский,
1724,Гремячево,
1725,Совхозный,
1726,Овсянка,
1727,Хрущево,
1728,Шабры,
1729,Бобровка,
1730,Лямино,
1731,Алексеевск,
1732,Воронцовка,
